feature_set,model,roc_auc,pr_auc,recall@thr,precision@thr
A,Dummy,0.5,0.08072776937710356,0.0,0.0
A,LogReg (balanced),0.7506281919597285,0.2292662143205836,0.6779456193353475,0.162201233616037
A,LightGBM,0.7688067240074558,0.2579709900241433,0.6797583081570997,0.17616661446915127
C,Dummy,0.5,0.08072776937710356,0.0,0.0
C,LogReg (balanced),0.6879242354338803,0.16705767085268322,0.6394763343403826,0.13418138787930015
C,LightGBM,0.7141217216258262,0.1948724782510739,0.6267875125881168,0.14987478327875167
B,Dummy,0.5,0.08072776937710356,0.0,0.0
B,LogReg (balanced),0.7768966550208884,0.2618054600621141,0.7045317220543806,0.17768972874123742
B,LightGBM,0.7883456294240092,0.2869768652587682,0.6813695871097684,0.19292842885657258
