feature,mean_abs_shap
EXT_SOURCE_2,0.2901305895655497
EXT_SOURCE_3,0.25012126859588835
EXT_SOURCE_1,0.15534754199671064
ORGANIZATION_TYPE,0.09810530741943763
AMT_ANNUITY,0.09670253765898366
GOODS_CREDIT_RATIO,0.0947335040987067
CREDIT_TERM,0.09089883525697529
PREV_DAYS_LAST_DUE_1ST_VERSION_MAX,0.08841323860989306
OCCUPATION_TYPE,0.07850100268867588
DAYS_EMPLOYED,0.06330681723985988
INST_DPD_MEAN,0.06161380095219441
OWN_CAR_AGE,0.05985762893826376
INST_AMT_PAYMENT_SUM,0.056759044912142224
NAME_EDUCATION_TYPE,0.055670551396305924
NAME_FAMILY_STATUS,0.0546727301410406
BUREAU_AMT_CREDIT_SUM_DEBT_MEAN,0.05244091929417254
ANNUITY_INCOME_RATIO,0.04338182701823685
BUREAU_DAYS_CREDIT_MAX,0.03923856344406285
DAYS_ID_PUBLISH,0.03733066656093822
DAYS_BIRTH,0.036674668865598094
PREV_APP_CREDIT_PERC_MEAN,0.03487419198965125
BUREAU_DAYS_CREDIT_ENDDATE_MAX,0.03423170070367323
AMT_GOODS_PRICE,0.034079588386496704
PREV_CNT_PAYMENT_MEAN,0.034072626151915135
BUREAU_DAYS_ENDDATE_FACT_MAX,0.03271805944487868
BUREAU_DAYS_CREDIT_MEAN,0.03164843326550232
PREV_DAYS_LAST_DUE_MAX,0.03161105662201283
INST_DAYS_INSTALMENT_MAX,0.030704732526689336
PREV_APP_CREDIT_PERC_MIN,0.030334513422294884
PREV_NAME_CONTRACT_STATUS_REFUSED_MEAN,0.029710023048718205
PREV_AMT_ANNUITY_MEAN,0.02914424354911355
PREV_NAME_YIELD_GROUP_LOW_ACTION_MEAN,0.028069746927297957
INST_AMT_INSTALMENT_MIN,0.027890050180003168
INST_AMT_INSTALMENT_SUM,0.02760520996654027
BUREAU_CREDIT_ACTIVE_CLOSED_MEAN,0.026754706126671052
AGE_YEARS,0.026509227546818313
CC_CNT_DRAWINGS_ATM_CURRENT_MEAN,0.02648580175009427
PREV_PRODUCT_COMBINATION_CASH_X_SELL__LOW_MEAN,0.02599387468694577
WEEKDAY_APPR_PROCESS_START,0.025732460549064275
BUREAU_AMT_CREDIT_SUM_DEBT_SUM,0.024920671669669204
REGION_POPULATION_RELATIVE,0.024820205760316977
FLAG_WORK_PHONE,0.024163981232907885
POS_CNT_INSTALMENT_FUTURE_MEAN,0.024150234085313783
INST_DAYS_ENTRY_PAYMENT_MAX,0.023880626669529333
BUREAU_AMT_CREDIT_MAX_OVERDUE_MEAN,0.022712907810173752
BUREAU_AMT_CREDIT_MAX_OVERDUE_SUM,0.02241859024379666
FLAG_DOCUMENT_3,0.022164447075343693
AMT_CREDIT,0.021825097142785153
BUREAU_AMT_CREDIT_SUM_DEBT_MAX,0.020927311415404055
DAYS_REGISTRATION,0.020782749209166812
BUREAU_CREDIT_TYPE_MORTGAGE_MEAN,0.020313382701954263
BUREAU_AMT_CREDIT_SUM_MIN,0.020277594774791994
INST_PAYMENT_PERC_MEAN,0.020071949419377746
PREV_NAME_YIELD_GROUP_HIGH_MEAN,0.019915085799866738
INST_PAYMENT_DIFF_MEAN,0.019573790874088153
INST_AMT_PAYMENT_MEAN,0.019115464424677694
DEF_30_CNT_SOCIAL_CIRCLE,0.018683024437677782
EMPLOYED_AGE_RATIO,0.018645805460679725
PREV_DAYS_LAST_DUE_1ST_VERSION_SUM,0.018469472357403496
REGION_RATING_CLIENT_W_CITY,0.018101999012330675
CREDIT_INCOME_RATIO,0.017795777174894344
INST_DPD_MAX,0.01777980732832435
INST_DBD_SUM,0.017265244023362367
PREV_AMT_ANNUITY_MIN,0.016840906563395326
INST_PAYMENT_DIFF_MAX,0.016342115395044002
BUREAU_AMT_CREDIT_SUM_SUM,0.01615283902053346
PREV_CNT_PAYMENT_MAX,0.01608938866663785
INST_DBD_MAX,0.015438254189075688
WALLSMATERIAL_MODE,0.015290005384034359
PREV_DAYS_TERMINATION_MAX,0.015215389373227976
POS_MONTHS_BALANCE_MIN,0.014778741087977955
DAYS_LAST_PHONE_CHANGE,0.014177971595792037
REG_CITY_NOT_LIVE_CITY,0.014177390770103927
DEF_60_CNT_SOCIAL_CIRCLE,0.013935863786588749
PREV_DAYS_LAST_DUE_1ST_VERSION_MEAN,0.013624518305491265
INST_PAYMENT_PERC_SUM,0.013510414036452255
INCOME_PER_PERSON,0.0133455192158834
PREV_CNT_PAYMENT_SUM,0.013279717042071423
BUREAU_CREDIT_ACTIVE_ACTIVE_MEAN,0.013183068091542316
PREV_PRODUCT_COMBINATION_CASH_X_SELL__HIGH_MEAN,0.013183032738492381
PREV_PRODUCT_COMBINATION_POS_INDUSTRY_WITH_INTEREST_MEAN,0.013142954697165187
AMT_REQ_CREDIT_BUREAU_QRT,0.013130437782677938
NAME_INCOME_TYPE,0.012922470971178714
PREV_HOUR_APPR_PROCESS_START_MEAN,0.012616922821521527
POS_MONTHS_BALANCE_MAX,0.012465986713085669
INST_DAYS_ENTRY_PAYMENT_MIN,0.012196817520128241
PREV_NAME_GOODS_CATEGORY_AUDIO_VIDEO_MEAN,0.011866281323140146
INST_AMT_INSTALMENT_MAX,0.011760493864460268
INST_PAYMENT_DIFF_SUM,0.011524828741649023
CC_CNT_DRAWINGS_CURRENT_MEAN,0.011475529252975363
INST_NUM_INSTALMENT_VERSION_SUM,0.011463561475164594
AMT_INCOME_TOTAL,0.011453823819866892
REGION_RATING_CLIENT,0.01138612595657896
POS_SK_DPD_DEF_MEAN,0.011351007501694715
BUREAU_AMT_CREDIT_SUM_MEAN,0.011255361580633031
PREV_AMT_DOWN_PAYMENT_SUM,0.011219860316994847
BUREAU_AMT_CREDIT_MAX_OVERDUE_MAX,0.011210059052879976
PREV_CODE_REJECT_REASON_XAP_MEAN,0.011068213908431218
PREV_WEEKDAY_APPR_PROCESS_START_MONDAY_MEAN,0.010534424441174785
BUREAU_DAYS_CREDIT_ENDDATE_SUM,0.010465487268883843
BUREAU_DAYS_CREDIT_SUM,0.01035005792187503
INST_DPD_SUM,0.010277187804431322
POS_MONTHS_BALANCE_MEAN,0.010189819044530129
INST_AMT_INSTALMENT_MEAN,0.010161149156703072
PREV_NAME_CONTRACT_STATUS_APPROVED_MEAN,0.01015322075663998
BUREAU_AMT_CREDIT_SUM_MAX,0.010102880127925203
POS_CNT_INSTALMENT_MEAN,0.009849348783894303
INST_NUM_INSTALMENT_NUMBER_MAX,0.009736632163028726
PREV_NAME_TYPE_SUITE_UNACCOMPANIED_MEAN,0.009648972947487375
PREV_AMT_DOWN_PAYMENT_MAX,0.009584761600706187
POS_NAME_CONTRACT_STATUS_ACTIVE_MEAN,0.009453620784630398
INST_DBD_MIN,0.009442632125445253
PREV_NAME_PAYMENT_TYPE_CASH_THROUGH_THE_BANK_MEAN,0.009255607971844807
PREV_NAME_PRODUCT_TYPE_WALK_IN_MEAN,0.009011900510399535
CC_CNT_DRAWINGS_CURRENT_MAX,0.008982315767880123
PREV_RATE_DOWN_PAYMENT_MIN,0.008951434995536052
PREV_AMT_ANNUITY_SUM,0.008840150671959594
TOTALAREA_MODE,0.00882429663765839
PREV_NAME_YIELD_GROUP_LOW_NORMAL_MEAN,0.008779613360671092
AMT_REQ_CREDIT_BUREAU_YEAR,0.00876043727697828
HOUR_APPR_PROCESS_START,0.008749825063242012
INST_AMT_PAYMENT_MAX,0.00873183579879542
POS_COUNT,0.00869354386488169
PREV_WEEKDAY_APPR_PROCESS_START_SUNDAY_MEAN,0.008678262374065914
PREV_SELLERPLACE_AREA_MAX,0.008579174741021014
PREV_NAME_SELLER_INDUSTRY_CONNECTIVITY_MEAN,0.008570746224719617
PREV_DAYS_DECISION_MAX,0.008431623347904343
POS_NAME_CONTRACT_STATUS_COMPLETED_MEAN,0.008103594013701134
PREV_DAYS_TERMINATION_MEAN,0.007983969538583428
PREV_HOUR_APPR_PROCESS_START_MAX,0.00788868775979406
BUREAU_AMT_CREDIT_SUM_LIMIT_MAX,0.007870064403168965
PREV_HOUR_APPR_PROCESS_START_MIN,0.007762882561834816
INST_DAYS_ENTRY_PAYMENT_SUM,0.007749916749744655
PREV_PRODUCT_COMBINATION_CASH_STREET__LOW_MEAN,0.007742616633047341
NAME_HOUSING_TYPE,0.007662416207024191
PREV_DAYS_FIRST_DRAWING_MIN,0.007482292958180369
BUREAU_DAYS_CREDIT_ENDDATE_MIN,0.00744491117942017
PREV_CHANNEL_TYPE_COUNTRY_WIDE_MEAN,0.0073523577058801194
POS_MONTHS_BALANCE_SUM,0.007221390374696354
BUREAU_DAYS_CREDIT_UPDATE_MAX,0.00719080838051215
PREV_AMT_GOODS_PRICE_MIN,0.007059208793842787
PREV_AMT_DOWN_PAYMENT_MEAN,0.007005058303587435
CC_AMT_DRAWINGS_ATM_CURRENT_MEAN,0.006971674655452645
PREV_APP_CREDIT_PERC_MAX,0.006918795504680679
PREV_NAME_SELLER_INDUSTRY_CONSUMER_ELECTRONICS_MEAN,0.006912905973458912
BUREAU_CREDIT_TYPE_CAR_LOAN_MEAN,0.006899317601072007
BUREAU_DAYS_CREDIT_ENDDATE_MEAN,0.006891546964598706
BUREAU_AMT_CREDIT_SUM_LIMIT_MEAN,0.006878646165144165
INST_DAYS_INSTALMENT_MIN,0.006799546542643189
POS_CNT_INSTALMENT_MAX,0.006692856601713045
BUREAU_CREDIT_TYPE_MICROLOAN_MEAN,0.006663515279132948
PREV_DAYS_DECISION_MIN,0.006593654051612436
PREV_AMT_ANNUITY_MAX,0.006500264327877184
INST_PAYMENT_PERC_MIN,0.006427574410065161
PREV_DAYS_FIRST_DUE_MAX,0.006424832179664034
INST_DBD_MEAN,0.006339841428053274
BUREAU_DAYS_CREDIT_MIN,0.006295663509288033
PREV_SELLERPLACE_AREA_MIN,0.006280139008474367
PREV_CHANNEL_TYPE_CREDIT_AND_CASH_OFFICES_MEAN,0.006277100730645183
CC_AMT_CREDIT_LIMIT_ACTUAL_MEAN,0.006248979519156975
PREV_AMT_CREDIT_MEAN,0.006198164781228458
PREV_DAYS_FIRST_DRAWING_MEAN,0.006143274631865417
PREV_SELLERPLACE_AREA_SUM,0.0060780031616902855
INST_NUM_INSTALMENT_NUMBER_SUM,0.006054701551022667
NAME_CONTRACT_TYPE,0.0060196928363511265
CC_AMT_PAYMENT_CURRENT_SUM,0.006002926864075443
PREV_HOUR_APPR_PROCESS_START_SUM,0.005986690584619207
CC_CNT_DRAWINGS_ATM_CURRENT_SUM,0.005933632451241768
PREV_WEEKDAY_APPR_PROCESS_START_WEDNESDAY_MEAN,0.005924374805279592
POS_CNT_INSTALMENT_SUM,0.005896560057076637
PREV_DAYS_FIRST_DUE_MEAN,0.005894723066647575
ELEVATORS_AVG,0.005886375452149202
BUREAU_CREDIT_TYPE_CREDIT_CARD_MEAN,0.005885032192164161
FLAG_OWN_CAR,0.005876334145751625
PREV_AMT_CREDIT_MAX,0.005828826902302058
PREV_DAYS_DECISION_MEAN,0.005803279877204262
PREV_CODE_REJECT_REASON_HC_MEAN,0.005778347481255842
BUREAU_DAYS_ENDDATE_FACT_MEAN,0.005736679735750195
POS_SK_DPD_DEF_SUM,0.0056101833900086655
PREV_SELLERPLACE_AREA_MEAN,0.005604124164148414
PREV_NAME_TYPE_SUITE_NAN_MEAN,0.005548178440313779
POS_SK_DPD_MEAN,0.005525038399174417
INST_AMT_PAYMENT_MIN,0.005496719799879635
PREV_NAME_YIELD_GROUP_MIDDLE_MEAN,0.005460389502602515
INST_NUM_INSTALMENT_NUMBER_MEAN,0.005378995676239603
CC_AMT_PAYMENT_CURRENT_MEAN,0.005316637153417545
CC_AMT_CREDIT_LIMIT_ACTUAL_SUM,0.005284466103964046
PREV_DAYS_LAST_DUE_SUM,0.0052576975353549864
YEARS_BEGINEXPLUATATION_MODE,0.005253351427287853
INST_DAYS_INSTALMENT_SUM,0.005136183688399253
PREV_NAME_CLIENT_TYPE_NEW_MEAN,0.005103884422350247
APARTMENTS_MODE,0.005071329097488512
PREV_WEEKDAY_APPR_PROCESS_START_TUESDAY_MEAN,0.005035121130478133
PREV_AMT_GOODS_PRICE_MEAN,0.0049999172216270895
APARTMENTS_MEDI,0.004936751726251033
POS_SK_DPD_DEF_MAX,0.0048964918023669
PREV_AMT_CREDIT_SUM,0.004843289640107422
LANDAREA_MEDI,0.004833039124108187
NONLIVINGAPARTMENTS_MEDI,0.0047932249733672865
PREV_CHANNEL_TYPE_CONTACT_CENTER_MEAN,0.004771383879610631
YEARS_BEGINEXPLUATATION_AVG,0.004758913905139218
PREV_DAYS_LAST_DUE_1ST_VERSION_MIN,0.004755057412743428
PREV_WEEKDAY_APPR_PROCESS_START_SATURDAY_MEAN,0.004713934612789484
POS_CNT_INSTALMENT_FUTURE_SUM,0.004701370484985021
BUREAU_CREDIT_TYPE_CONSUMER_CREDIT_MEAN,0.004648759106134996
BUREAU_DAYS_ENDDATE_FACT_MIN,0.004562861289262445
PREV_CHANNEL_TYPE_AP___CASH_LOAN__MEAN,0.004548009511529605
PREV_WEEKDAY_APPR_PROCESS_START_THURSDAY_MEAN,0.0044942080130470794
BUREAU_AMT_CREDIT_MAX_OVERDUE_MIN,0.004442751717476244
PREV_DAYS_LAST_DUE_MEAN,0.004440476723584592
BUREAU_COUNT,0.004428736038444682
INST_NUM_INSTALMENT_VERSION_MEAN,0.004397757955461075
INST_COUNT,0.004384228419509593
BUREAU_DAYS_CREDIT_UPDATE_MEAN,0.004374464203616747
APARTMENTS_AVG,0.004346295423160548
PREV_AMT_APPLICATION_SUM,0.004311470827647256
PREV_RATE_DOWN_PAYMENT_MAX,0.004252984317376406
BUREAU_DAYS_CREDIT_UPDATE_MIN,0.004237776737586172
CC_AMT_PAYMENT_TOTAL_CURRENT_SUM,0.004180825825022705
INST_DAYS_INSTALMENT_MEAN,0.004166922665978461
PREV_DAYS_TERMINATION_MIN,0.004147667509487177
PREV_WEEKDAY_APPR_PROCESS_START_FRIDAY_MEAN,0.004147619013685061
BUREAU_BB_STATUS_0_MEAN_MEAN,0.004118103183544369
LIVINGAREA_MEDI,0.004060207205930693
PREV_RATE_DOWN_PAYMENT_MEAN,0.0040407584254982904
YEARS_BEGINEXPLUATATION_MEDI,0.004020213613010951
PREV_NAME_CASH_LOAN_PURPOSE_XNA_MEAN,0.00400767338714985
PREV_NAME_CLIENT_TYPE_REFRESHED_MEAN,0.004000005905253405
PREV_NAME_GOODS_CATEGORY_FURNITURE_MEAN,0.0039951869481222885
NONLIVINGAREA_MODE,0.003987965537979053
ENTRANCES_AVG,0.003982905766714993
BUREAU_BB_COUNT_MEAN,0.003973077142967786
BUREAU_DAYS_CREDIT_UPDATE_SUM,0.003973016232586067
INST_DAYS_ENTRY_PAYMENT_MEAN,0.0038981225544142996
CC_AMT_BALANCE_MEAN,0.0038936615947395216
PREV_NAME_SELLER_INDUSTRY_FURNITURE_MEAN,0.003888399223929858
LIVINGAREA_AVG,0.003837352363779907
PREV_NAME_PRODUCT_TYPE_XNA_MEAN,0.0038298643853498936
PREV_DAYS_FIRST_DUE_SUM,0.003809622394299189
PREV_DAYS_LAST_DUE_MIN,0.003725226130244677
BUREAU_BB_STATUS_C_MEAN_MAX,0.003722091556004053
BUREAU_AMT_CREDIT_SUM_LIMIT_SUM,0.0036796525359313664
BUREAU_BB_STATUS_C_MEAN_SUM,0.0036743041356761337
PREV_APP_CREDIT_PERC_SUM,0.003657561617619192
CC_AMT_RECIVABLE_MEAN,0.0036314718841181657
PREV_CODE_REJECT_REASON_SCO_MEAN,0.0036229219020653923
PREV_DAYS_TERMINATION_SUM,0.003620241935383527
PREV_AMT_APPLICATION_MIN,0.0036156425120276443
BUREAU_DAYS_ENDDATE_FACT_SUM,0.0036051438646513036
ELEVATORS_MEDI,0.003596010479339867
LIVINGAREA_MODE,0.0035910309035102677
PREV_NAME_SELLER_INDUSTRY_XNA_MEAN,0.003586708192943843
PREV_PRODUCT_COMBINATION_POS_HOUSEHOLD_WITH_INTEREST_MEAN,0.0034668690993515
NONLIVINGAPARTMENTS_AVG,0.00342867179065977
INST_NUM_INSTALMENT_VERSION_MAX,0.0033888668118139797
PREV_RATE_DOWN_PAYMENT_SUM,0.00338334871053823
BUREAU_BB_STATUS_X_MEAN_SUM,0.003368732209588788
LANDAREA_MODE,0.0033593565393832746
LIVINGAPARTMENTS_AVG,0.0033567924123236417
PREV_PRODUCT_COMBINATION_CASH_MEAN,0.003297373741047813
FLAG_OWN_REALTY,0.003261087936926017
CC_AMT_RECIVABLE_MAX,0.0032336679448504873
PREV_CHANNEL_TYPE_STONE_MEAN,0.003231473233670227
POS_CNT_INSTALMENT_FUTURE_MAX,0.0032183337205579795
CC_CNT_DRAWINGS_CURRENT_SUM,0.0032135743526634187
PREV_AMT_CREDIT_MIN,0.003189350798213578
BUREAU_BB_STATUS_1_MEAN_MEAN,0.003188773385949739
PREV_AMT_APPLICATION_MEAN,0.003184797117935852
OBS_60_CNT_SOCIAL_CIRCLE,0.0031572430742661706
BUREAU_BB_COUNT_SUM,0.0031379016788910755
CNT_FAM_MEMBERS,0.0031241378431067115
FLOORSMAX_MEDI,0.0031222951847111042
BASEMENTAREA_AVG,0.0031188880976946104
POS_CNT_INSTALMENT_MIN,0.0031188616590191822
CC_AMT_TOTAL_RECEIVABLE_MEAN,0.003109883627679532
PREV_DAYS_FIRST_DUE_MIN,0.0031075447550660195
BUREAU_BB_STATUS_0_MEAN_MIN,0.003096875558809734
PREV_PRODUCT_COMBINATION_CASH_X_SELL__MIDDLE_MEAN,0.003092088794211506
NAME_TYPE_SUITE,0.0030623571915855733
PREV_NAME_GOODS_CATEGORY_MOBILE_MEAN,0.0030375366719128717
PREV_AMT_GOODS_PRICE_SUM,0.002971352047990327
BUREAU_BB_MONTHS_BALANCE_MAX_MIN,0.0029650973255431205
BUREAU_BB_MONTHS_BALANCE_MAX_SUM,0.002956547141717471
PREV_NAME_CONTRACT_STATUS_CANCELED_MEAN,0.002954850689024018
BASEMENTAREA_MEDI,0.0029391477314662288
PREV_NAME_GOODS_CATEGORY_CONSUMER_ELECTRONICS_MEAN,0.0028887095079127285
CC_AMT_TOTAL_RECEIVABLE_MAX,0.0028793624992030893
PREV_NAME_SELLER_INDUSTRY_CLOTHING_MEAN,0.002866296482580797
PREV_NAME_PAYMENT_TYPE_XNA_MEAN,0.0028489448947707744
PREV_NAME_PORTFOLIO_POS_MEAN,0.0028445188011251153
PREV_AMT_DOWN_PAYMENT_MIN,0.00283598219990389
PREV_NAME_GOODS_CATEGORY_CLOTHING_AND_ACCESSORIES_MEAN,0.0028157388586325122
BUREAU_BB_STATUS_X_MEAN_MIN,0.0028120888854465107
PREV_DAYS_FIRST_DRAWING_MAX,0.0028036130371628873
CC_AMT_PAYMENT_TOTAL_CURRENT_MEAN,0.00277890421175692
PREV_NAME_GOODS_CATEGORY_PHOTO___CINEMA_EQUIPMENT_MEAN,0.0027767423670150325
PREV_NAME_YIELD_GROUP_XNA_MEAN,0.0027687448171878726
FLOORSMAX_AVG,0.002742058048588887
CC_AMT_CREDIT_LIMIT_ACTUAL_MIN,0.0027147611911428784
PREV_NAME_PORTFOLIO_XNA_MEAN,0.0026987517489550574
CC_AMT_RECEIVABLE_PRINCIPAL_MEAN,0.0026801062751254335
BUREAU_BB_STATUS_C_MEAN_MEAN,0.00266940464567184
OBS_30_CNT_SOCIAL_CIRCLE,0.0026431073445275254
BUREAU_AMT_CREDIT_SUM_DEBT_MIN,0.00261694363319933
INST_PAYMENT_DIFF_MIN,0.0026083013120313013
BUREAU_BB_STATUS_1_MEAN_SUM,0.0025677465658764656
PREV_DAYS_DECISION_SUM,0.002549557794536132
BUREAU_BB_MONTHS_BALANCE_MIN_MIN,0.002542507644424748
LIVINGAPARTMENTS_MODE,0.0025377478096384872
COMMONAREA_AVG,0.0025071568001194503
PREV_PRODUCT_COMBINATION_POS_INDUSTRY_WITHOUT_INTEREST_MEAN,0.002494069479976216
PREV_AMT_GOODS_PRICE_MAX,0.0024871048656627936
BASEMENTAREA_MODE,0.0024645322162762965
PREV_NAME_PORTFOLIO_CARDS_MEAN,0.002441640299749034
PREV_AMT_APPLICATION_MAX,0.002430764630847655
PREV_CHANNEL_TYPE_CHANNEL_OF_CORPORATE_SALES_MEAN,0.002421143586515566
BUREAU_BB_STATUS_0_MEAN_SUM,0.002406948898090508
BUREAU_BB_STATUS_0_MEAN_MAX,0.0024014254441746506
BUREAU_BB_MONTHS_BALANCE_MAX_MEAN,0.0023925249582863323
PREV_NAME_TYPE_SUITE_SPOUSE__PARTNER_MEAN,0.00239247726393376
CC_AMT_RECIVABLE_SUM,0.002369534002573725
BUREAU_BB_MONTHS_BALANCE_MIN_MAX,0.0023627150953887417
CC_AMT_DRAWINGS_ATM_CURRENT_SUM,0.0023543414092713874
BUREAU_BB_COUNT_MAX,0.002350928756839732
PREV_NAME_PORTFOLIO_CASH_MEAN,0.002338773964483423
LIVINGAPARTMENTS_MEDI,0.0023078662196350705
PREV_PRODUCT_COMBINATION_POS_MOBILE_WITH_INTEREST_MEAN,0.0022916568023537364
CC_AMT_RECEIVABLE_PRINCIPAL_MAX,0.0022707060347615057
PREV_NAME_CONTRACT_TYPE_CASH_LOANS_MEAN,0.0022504760770782305
LANDAREA_AVG,0.002233247700160166
BUREAU_BB_STATUS_X_MEAN_MEAN,0.0022071674690781196
BUREAU_AMT_ANNUITY_MAX,0.0021980483785068064
CC_AMT_PAYMENT_CURRENT_MIN,0.0021936058663650166
NONLIVINGAREA_MEDI,0.0021826343146595837
PREV_NFLAG_INSURED_ON_APPROVAL_MEAN,0.0021562583845222273
PREV_PRODUCT_COMBINATION_CASH_STREET__HIGH_MEAN,0.002149257069126636
NONLIVINGAPARTMENTS_MODE,0.002143462915741756
CC_AMT_DRAWINGS_CURRENT_MEAN,0.002127999540963135
PREV_NAME_CONTRACT_TYPE_REVOLVING_LOANS_MEAN,0.002126880652484699
CC_AMT_BALANCE_MAX,0.0021253185602914024
COMMONAREA_MEDI,0.0021242369658598446
CC_AMT_PAYMENT_TOTAL_CURRENT_MAX,0.0021222475849819616
CC_NAME_CONTRACT_STATUS_ACTIVE_MEAN,0.0021134822569824864
NONLIVINGAREA_AVG,0.002113424443174416
BUREAU_BB_COUNT_MIN,0.0020318189440552575
BUREAU_BB_MONTHS_BALANCE_MIN_MEAN,0.002019557546961863
CC_AMT_DRAWINGS_POS_CURRENT_MAX,0.0020187681479243067
CC_MONTHS_BALANCE_MIN,0.002001074576657191
PREV_NAME_CONTRACT_TYPE_CONSUMER_LOANS_MEAN,0.0019960792189116943
FLAG_DOCUMENT_8,0.0019330456589279862
PREV_CODE_REJECT_REASON_LIMIT_MEAN,0.0018953554979336403
PREV_NAME_TYPE_SUITE_FAMILY_MEAN,0.0018780961675234056
BUREAU_BB_STATUS_1_MEAN_MAX,0.0018450958676022424
CC_AMT_DRAWINGS_POS_CURRENT_MEAN,0.0017841641017686278
BUREAU_BB_STATUS_X_MEAN_MAX,0.0017719849932123183
PREV_NFLAG_INSURED_ON_APPROVAL_SUM,0.0017566570719059925
PREV_CHANNEL_TYPE_REGIONAL___LOCAL_MEAN,0.0017557191097533516
CC_AMT_TOTAL_RECEIVABLE_SUM,0.0017555916343623146
CC_AMT_RECEIVABLE_PRINCIPAL_SUM,0.00175176488875824
PREV_NAME_CASH_LOAN_PURPOSE_XAP_MEAN,0.0017438292790920456
YEARS_BUILD_AVG,0.0017422075979449468
ENTRANCES_MEDI,0.0017174268708280895
ENTRANCES_MODE,0.0017094770468869922
PREV_NAME_GOODS_CATEGORY_COMPUTERS_MEAN,0.0016871415412866935
BUREAU_BB_MONTHS_BALANCE_MIN_SUM,0.0016704566458617105
PREV_NAME_CLIENT_TYPE_REPEATER_MEAN,0.0016573973813656278
POS_SK_DPD_MAX,0.0016524584783800251
COMMONAREA_MODE,0.001649446417325303
PREV_NAME_PRODUCT_TYPE_X_SELL_MEAN,0.0016446243186565908
CC_AMT_DRAWINGS_ATM_CURRENT_MAX,0.0016235774183588165
YEARS_BUILD_MEDI,0.001622196681561649
PREV_CNT_PAYMENT_MIN,0.0016216776614729252
BUREAU_AMT_ANNUITY_SUM,0.0016196894589935776
CC_CNT_DRAWINGS_POS_CURRENT_MAX,0.0015861243124885515
PREV_PRODUCT_COMBINATION_CARD_X_SELL_MEAN,0.0015813272459159046
BUREAU_AMT_ANNUITY_MIN,0.0015724394584277416
PREV_NAME_GOODS_CATEGORY_XNA_MEAN,0.0015308909529444285
CC_CNT_DRAWINGS_POS_CURRENT_MEAN,0.0014973056636965883
POS_NAME_CONTRACT_STATUS_SIGNED_MEAN,0.0014380270187360567
CC_AMT_PAYMENT_CURRENT_MAX,0.0014207565808301273
CC_CNT_DRAWINGS_ATM_CURRENT_MAX,0.0014076523680298136
CC_AMT_DRAWINGS_POS_CURRENT_SUM,0.0014030395460656853
ELEVATORS_MODE,0.001332755106780331
CC_MONTHS_BALANCE_MEAN,0.0013121055865405711
CC_MONTHS_BALANCE_SUM,0.0013104803742190886
POS_SK_DPD_SUM,0.0012968359768630738
BUREAU_AMT_ANNUITY_MEAN,0.0012816182971123074
PREV_COUNT,0.001273223866678812
FLOORSMIN_MEDI,0.001266282666035047
YEARS_BUILD_MODE,0.0012658850563135693
CC_AMT_DRAWINGS_CURRENT_SUM,0.0012214001438634599
CC_CNT_INSTALMENT_MATURE_CUM_MAX,0.0012207707299170107
FLAG_EMP_PHONE,0.0012111627912686476
PREV_PRODUCT_COMBINATION_POS_HOUSEHOLD_WITHOUT_INTEREST_MEAN,0.0011557264196893641
CC_CNT_DRAWINGS_POS_CURRENT_SUM,0.0011344101551719451
CC_SK_DPD_DEF_MEAN,0.0011180652304175287
CC_AMT_CREDIT_LIMIT_ACTUAL_MAX,0.001098454242472345
FLOORSMAX_MODE,0.0010819830370039129
PREV_CODE_REJECT_REASON_SCOFR_MEAN,0.0010710142815692734
CC_AMT_BALANCE_MIN,0.0010606175947546592
CC_AMT_DRAWINGS_CURRENT_MAX,0.0010520752031015024
BUREAU_AMT_CREDIT_SUM_LIMIT_MIN,0.0010518240512782696
FONDKAPREMONT_MODE,0.001029620013995786
CC_CNT_INSTALMENT_MATURE_CUM_MEAN,0.001006078831786004
PREV_NAME_TYPE_SUITE_OTHER_B_MEAN,0.0009941185270796122
PREV_PRODUCT_COMBINATION_CARD_STREET_MEAN,0.0009917077177678754
PREV_NFLAG_LAST_APPL_IN_DAY_SUM,0.0009840125610295818
POS_NAME_CONTRACT_STATUS_RETURNED_TO_THE_STORE_MEAN,0.0009830798687761784
CC_AMT_INST_MIN_REGULARITY_MEAN,0.0009422113728308208
CC_AMT_RECIVABLE_MIN,0.0009421989290627752
CC_AMT_INST_MIN_REGULARITY_SUM,0.000922157564065693
BUREAU_BB_STATUS_C_MEAN_MIN,0.0009197963566048806
FLOORSMIN_MODE,0.0008806209661250735
INST_PAYMENT_PERC_MAX,0.0008727239684915819
CC_COUNT,0.0008537025274803202
BUREAU_AMT_CREDIT_SUM_OVERDUE_MAX,0.0008393723357902761
CC_AMT_DRAWINGS_OTHER_CURRENT_MAX,0.0008342520042729154
FLAG_PHONE,0.0008336820229229198
CNT_CHILDREN,0.0007551935183783471
BUREAU_BB_STATUS_1_MEAN_MIN,0.0007454920843189171
CC_AMT_INST_MIN_REGULARITY_MAX,0.0007312911496480365
PREV_DAYS_FIRST_DRAWING_SUM,0.0006856009152805788
CC_CNT_INSTALMENT_MATURE_CUM_SUM,0.0006616466548003099
AMT_REQ_CREDIT_BUREAU_MON,0.0006434143667100652
REG_REGION_NOT_LIVE_REGION,0.0006242641914248259
PREV_NAME_SELLER_INDUSTRY_AUTO_TECHNOLOGY_MEAN,0.0005813696122287152
BUREAU_CREDIT_ACTIVE_SOLD_MEAN,0.0005778669049966796
PREV_FLAG_LAST_APPL_PER_CONTRACT_Y_MEAN,0.0005735457055834704
PREV_PRODUCT_COMBINATION_CASH_STREET__MIDDLE_MEAN,0.0005632875040065829
BUREAU_AMT_CREDIT_SUM_OVERDUE_MEAN,0.0005610949302766844
CC_AMT_BALANCE_SUM,0.0005368848883817596
PREV_NAME_GOODS_CATEGORY_CONSTRUCTION_MATERIALS_MEAN,0.0005045621504709575
PREV_NAME_GOODS_CATEGORY_SPORT_AND_LEISURE_MEAN,0.0004962353484074789
FLAG_DOCUMENT_18,0.0004883903154897856
PREV_PRODUCT_COMBINATION_POS_OTHER_WITH_INTEREST_MEAN,0.0004866050703757831
FLOORSMIN_AVG,0.000484359069091125
BUREAU_BB_STATUS_2_MEAN_MEAN,0.00048368900209743766
CC_AMT_DRAWINGS_OTHER_CURRENT_MEAN,0.00046984102951827175
PREV_NAME_SELLER_INDUSTRY_CONSTRUCTION_MEAN,0.000433336924915323
CC_SK_DPD_MEAN,0.0004273601214713753
PREV_NAME_TYPE_SUITE_CHILDREN_MEAN,0.00041581125733711845
PREV_NAME_CONTRACT_STATUS_UNUSED_OFFER_MEAN,0.0004151450769356468
BUREAU_AMT_CREDIT_SUM_OVERDUE_SUM,0.00040044881238094325
FLAG_DOCUMENT_16,0.0003826462580713858
CC_AMT_RECEIVABLE_PRINCIPAL_MIN,0.0003816825022191745
EMERGENCYSTATE_MODE,0.000377462632904832
REG_CITY_NOT_WORK_CITY,0.00036540723640671744
PREV_NFLAG_INSURED_ON_APPROVAL_MAX,0.00036196522888302463
CC_SK_DPD_MAX,0.00029875489666352666
PREV_NAME_CASH_LOAN_PURPOSE_REPAIRS_MEAN,0.00029420100512927364
POS_CNT_INSTALMENT_FUTURE_MIN,0.0002913019398801169
PREV_CODE_REJECT_REASON_CLIENT_MEAN,0.00029124455728264664
CC_SK_DPD_SUM,0.0002885024452983644
PREV_NAME_GOODS_CATEGORY_VEHICLES_MEAN,0.0002841403439665227
CC_NAME_CONTRACT_STATUS_COMPLETED_MEAN,0.0002584386400509254
BUREAU_BB_STATUS_2_MEAN_SUM,0.0002549354963129204
PREV_NAME_SELLER_INDUSTRY_INDUSTRY_MEAN,0.00025482132392201564
PREV_NAME_TYPE_SUITE_OTHER_A_MEAN,0.00025132071893686433
CC_AMT_DRAWINGS_ATM_CURRENT_MIN,0.00024344248682702036
BUREAU_BB_STATUS_4_MEAN_MEAN,0.00024334533451644136
CC_MONTHS_BALANCE_MAX,0.00024113784329835144
CC_AMT_DRAWINGS_OTHER_CURRENT_SUM,0.0002281821962516316
PREV_PRODUCT_COMBINATION_POS_MOBILE_WITHOUT_INTEREST_MEAN,0.00020042758854517859
BUREAU_BB_STATUS_5_MEAN_SUM,0.00019136714348093534
AMT_REQ_CREDIT_BUREAU_WEEK,0.00018598057353285638
CC_AMT_TOTAL_RECEIVABLE_MIN,0.00017912488973996293
PREV_RATE_INTEREST_PRIVILEGED_SUM,0.00017210575472116177
PREV_NAME_CASH_LOAN_PURPOSE_URGENT_NEEDS_MEAN,0.0001687108064499911
PREV_NFLAG_LAST_APPL_IN_DAY_MEAN,0.00014052066170212212
CC_CNT_INSTALMENT_MATURE_CUM_MIN,0.00013749927485214922
CC_SK_DPD_DEF_SUM,0.00013166933850201803
PREV_RATE_INTEREST_PRIMARY_MAX,0.00012217035613894356
CC_CNT_DRAWINGS_OTHER_CURRENT_MEAN,0.00011066987561190291
CC_SK_DPD_DEF_MAX,0.00010877907588017595
AMT_REQ_CREDIT_BUREAU_DAY,9.434224042983457e-05
BUREAU_BB_STATUS_2_MEAN_MAX,8.859223716389639e-05
BUREAU_BB_STATUS_5_MEAN_MEAN,7.643847998439484e-05
LIVE_REGION_NOT_WORK_REGION,7.525527695439981e-05
POS_NAME_CONTRACT_STATUS_APPROVED_MEAN,7.248357071410235e-05
PREV_FLAG_LAST_APPL_PER_CONTRACT_N_MEAN,6.892411716427354e-05
BUREAU_CREDIT_DAY_OVERDUE_MAX,6.4601301327887e-05
PREV_RATE_INTEREST_PRIMARY_MEAN,6.23724210794102e-05
PREV_NAME_CASH_LOAN_PURPOSE_OTHER_MEAN,5.7835162723082e-05
BUREAU_BB_STATUS_4_MEAN_MAX,5.264056632331802e-05
LIVE_CITY_NOT_WORK_CITY,4.110519560756281e-05
BUREAU_CREDIT_DAY_OVERDUE_SUM,3.6820328500538406e-05
FLAG_DOCUMENT_6,2.7803980422265835e-05
CC_AMT_DRAWINGS_POS_CURRENT_MIN,2.453393597125909e-05
BUREAU_CNT_CREDIT_PROLONG_MAX,1.6284420241454844e-05
PREV_NAME_GOODS_CATEGORY_AUTO_ACCESSORIES_MEAN,0.0
PREV_NAME_GOODS_CATEGORY_DIRECT_SALES_MEAN,0.0
PREV_NAME_GOODS_CATEGORY_TOURISM_MEAN,0.0
PREV_NAME_GOODS_CATEGORY_WEAPON_MEAN,0.0
BUREAU_CREDIT_TYPE_ANOTHER_TYPE_OF_LOAN_MEAN,0.0
BUREAU_BB_MONTHS_BALANCE_MAX_MAX,0.0
PREV_RATE_INTEREST_PRIVILEGED_MIN,0.0
BUREAU_CREDIT_TYPE_LOAN_FOR_BUSINESS_DEVELOPMENT_MEAN,0.0
BUREAU_CREDIT_TYPE_INTERBANK_CREDIT_MEAN,0.0
BUREAU_CREDIT_TYPE_CASH_LOAN__NON_EARMARKED__MEAN,0.0
BUREAU_BB_STATUS_NAN_MEAN_MEAN,0.0
BUREAU_BB_STATUS_NAN_MEAN_MAX,0.0
PREV_NAME_GOODS_CATEGORY_HOUSE_CONSTRUCTION_MEAN,0.0
CC_CNT_DRAWINGS_ATM_CURRENT_MIN,0.0
CC_SK_DPD_MIN,0.0
PREV_NAME_GOODS_CATEGORY_MEDICAL_SUPPLIES_MEAN,0.0
PREV_NAME_GOODS_CATEGORY_JEWELRY_MEAN,0.0
PREV_NAME_GOODS_CATEGORY_INSURANCE_MEAN,0.0
CC_CNT_DRAWINGS_CURRENT_MIN,0.0
BUREAU_CREDIT_TYPE_LOAN_FOR_PURCHASE_OF_SHARES__MARGIN_LENDING__MEAN,0.0
PREV_NAME_GOODS_CATEGORY_OFFICE_APPLIANCES_MEAN,0.0
PREV_NAME_GOODS_CATEGORY_ADDITIONAL_SERVICE_MEAN,0.0
PREV_NAME_GOODS_CATEGORY_ANIMALS_MEAN,0.0
PREV_NAME_CLIENT_TYPE_XNA_MEAN,0.0
PREV_NAME_CLIENT_TYPE_NAN_MEAN,0.0
PREV_NAME_CONTRACT_STATUS_NAN_MEAN,0.0
PREV_NAME_GOODS_CATEGORY_EDUCATION_MEAN,0.0
BUREAU_CREDIT_TYPE_LOAN_FOR_WORKING_CAPITAL_REPLENISHMENT_MEAN,0.0
BUREAU_CREDIT_TYPE_LOAN_FOR_THE_PURCHASE_OF_EQUIPMENT_MEAN,0.0
BUREAU_CREDIT_TYPE_REAL_ESTATE_LOAN_MEAN,0.0
BUREAU_CREDIT_TYPE_UNKNOWN_TYPE_OF_LOAN_MEAN,0.0
BUREAU_CREDIT_TYPE_NAN_MEAN,0.0
BUREAU_CREDIT_TYPE_MOBILE_OPERATOR_LOAN_MEAN,0.0
CC_AMT_PAYMENT_TOTAL_CURRENT_MIN,0.0
POS_NAME_CONTRACT_STATUS_CANCELED_MEAN,0.0
PREV_NAME_SELLER_INDUSTRY_NAN_MEAN,0.0
PREV_NAME_YIELD_GROUP_NAN_MEAN,0.0
BUREAU_CREDIT_DAY_OVERDUE_MEAN,0.0
BUREAU_CREDIT_DAY_OVERDUE_MIN,0.0
DAYS_EMPLOYED_ANOM,0.0
AMT_REQ_CREDIT_BUREAU_HOUR,0.0
FLAG_DOCUMENT_21,0.0
PREV_NAME_SELLER_INDUSTRY_MLM_PARTNERS_MEAN,0.0
PREV_CODE_REJECT_REASON_XNA_MEAN,0.0
PREV_CODE_REJECT_REASON_VERIF_MEAN,0.0
PREV_CODE_REJECT_REASON_SYSTEM_MEAN,0.0
PREV_NAME_PAYMENT_TYPE_NAN_MEAN,0.0
PREV_NAME_PAYMENT_TYPE_NON_CASH_FROM_YOUR_ACCOUNT_MEAN,0.0
PREV_NAME_PAYMENT_TYPE_CASHLESS_FROM_THE_ACCOUNT_OF_THE_EMPLOYER_MEAN,0.0
PREV_NAME_SELLER_INDUSTRY_TOURISM_MEAN,0.0
BUREAU_AMT_CREDIT_SUM_OVERDUE_MIN,0.0
PREV_NAME_TYPE_SUITE_GROUP_OF_PEOPLE_MEAN,0.0
PREV_NAME_CASH_LOAN_PURPOSE_FURNITURE_MEAN,0.0
PREV_NAME_CASH_LOAN_PURPOSE_EVERYDAY_EXPENSES_MEAN,0.0
PREV_CODE_REJECT_REASON_NAN_MEAN,0.0
PREV_CHANNEL_TYPE_NAN_MEAN,0.0
PREV_NAME_GOODS_CATEGORY_MEDICINE_MEAN,0.0
PREV_NAME_SELLER_INDUSTRY_JEWELRY_MEAN,0.0
PREV_NAME_PRODUCT_TYPE_NAN_MEAN,0.0
PREV_CHANNEL_TYPE_CAR_DEALER_MEAN,0.0
PREV_NAME_PORTFOLIO_NAN_MEAN,0.0
PREV_NAME_PORTFOLIO_CARS_MEAN,0.0
BUREAU_CNT_CREDIT_PROLONG_SUM,0.0
PREV_NAME_GOODS_CATEGORY_NAN_MEAN,0.0
BUREAU_CNT_CREDIT_PROLONG_MIN,0.0
BUREAU_CNT_CREDIT_PROLONG_MEAN,0.0
BUREAU_CREDIT_CURRENCY_NAN_MEAN,0.0
PREV_NAME_GOODS_CATEGORY_FITNESS_MEAN,0.0
PREV_NAME_GOODS_CATEGORY_GARDENING_MEAN,0.0
PREV_NAME_GOODS_CATEGORY_HOMEWARES_MEAN,0.0
PREV_NAME_GOODS_CATEGORY_OTHER_MEAN,0.0
PREV_NAME_CASH_LOAN_PURPOSE_NAN_MEAN,0.0
PREV_NAME_CASH_LOAN_PURPOSE_REFUSAL_TO_NAME_THE_GOAL_MEAN,0.0
BUREAU_BB_STATUS_5_MEAN_MIN,0.0
FLAG_DOCUMENT_17,0.0
FLAG_DOCUMENT_19,0.0
HOUSETYPE_MODE,0.0
FLAG_DOCUMENT_20,0.0
PREV_NAME_CASH_LOAN_PURPOSE_WEDDING___GIFT___HOLIDAY_MEAN,0.0
PREV_PRODUCT_COMBINATION_NAN_MEAN,0.0
FLAG_DOCUMENT_11,0.0
FLAG_DOCUMENT_13,0.0
FLAG_DOCUMENT_5,0.0
FLAG_DOCUMENT_7,0.0
FLAG_DOCUMENT_9,0.0
FLAG_DOCUMENT_10,0.0
FLAG_DOCUMENT_12,0.0
POS_NAME_CONTRACT_STATUS_XNA_MEAN,0.0
INST_NUM_INSTALMENT_NUMBER_MIN,0.0
INST_NUM_INSTALMENT_VERSION_MIN,0.0
PREV_NFLAG_LAST_APPL_IN_DAY_MIN,0.0
POS_NAME_CONTRACT_STATUS_DEMAND_MEAN,0.0
POS_NAME_CONTRACT_STATUS_NAN_MEAN,0.0
PREV_NFLAG_LAST_APPL_IN_DAY_MAX,0.0
POS_SK_DPD_MIN,0.0
POS_SK_DPD_DEF_MIN,0.0
PREV_PRODUCT_COMBINATION_POS_OTHERS_WITHOUT_INTEREST_MEAN,0.0
POS_NAME_CONTRACT_STATUS_AMORTIZED_DEBT_MEAN,0.0
PREV_NAME_CASH_LOAN_PURPOSE_BUYING_A_NEW_CAR_MEAN,0.0
PREV_NAME_CASH_LOAN_PURPOSE_BUYING_A_USED_CAR_MEAN,0.0
PREV_NAME_CASH_LOAN_PURPOSE_CAR_REPAIRS_MEAN,0.0
PREV_NAME_CASH_LOAN_PURPOSE_EDUCATION_MEAN,0.0
PREV_RATE_INTEREST_PRIVILEGED_MEAN,0.0
PREV_RATE_INTEREST_PRIVILEGED_MAX,0.0
BUREAU_CREDIT_ACTIVE_BAD_DEBT_MEAN,0.0
BUREAU_CREDIT_ACTIVE_NAN_MEAN,0.0
BUREAU_CREDIT_CURRENCY_CURRENCY_4_MEAN,0.0
BUREAU_CREDIT_CURRENCY_CURRENCY_1_MEAN,0.0
BUREAU_CREDIT_CURRENCY_CURRENCY_2_MEAN,0.0
BUREAU_CREDIT_CURRENCY_CURRENCY_3_MEAN,0.0
FLAG_DOCUMENT_4,0.0
FLAG_DOCUMENT_2,0.0
FLAG_DOCUMENT_14,0.0
FLAG_DOCUMENT_15,0.0
BUREAU_BB_STATUS_5_MEAN_MAX,0.0
PREV_NAME_CASH_LOAN_PURPOSE_GASIFICATION___WATER_SUPPLY_MEAN,0.0
PREV_NAME_CASH_LOAN_PURPOSE_HOBBY_MEAN,0.0
PREV_NAME_CASH_LOAN_PURPOSE_JOURNEY_MEAN,0.0
PREV_NAME_CASH_LOAN_PURPOSE_MEDICINE_MEAN,0.0
PREV_NAME_CASH_LOAN_PURPOSE_MONEY_FOR_A_THIRD_PERSON_MEAN,0.0
PREV_NAME_CASH_LOAN_PURPOSE_PAYMENTS_ON_OTHER_LOANS_MEAN,0.0
PREV_NAME_CASH_LOAN_PURPOSE_PURCHASE_OF_ELECTRONIC_EQUIPMENT_MEAN,0.0
CC_AMT_DRAWINGS_CURRENT_MIN,0.0
INST_DPD_MIN,0.0
PREV_RATE_INTEREST_PRIMARY_SUM,0.0
PREV_RATE_INTEREST_PRIMARY_MIN,0.0
PREV_NAME_CASH_LOAN_PURPOSE_BUILDING_A_HOUSE_OR_AN_ANNEX_MEAN,0.0
PREV_NAME_CASH_LOAN_PURPOSE_BUSINESS_DEVELOPMENT_MEAN,0.0
PREV_NAME_CASH_LOAN_PURPOSE_BUYING_A_HOME_MEAN,0.0
PREV_NAME_CASH_LOAN_PURPOSE_BUYING_A_HOLIDAY_HOME___LAND_MEAN,0.0
BUREAU_BB_STATUS_2_MEAN_MIN,0.0
BUREAU_BB_STATUS_3_MEAN_MEAN,0.0
BUREAU_BB_STATUS_3_MEAN_MIN,0.0
BUREAU_BB_STATUS_3_MEAN_MAX,0.0
BUREAU_BB_STATUS_3_MEAN_SUM,0.0
CC_SK_DPD_DEF_MIN,0.0
BUREAU_BB_STATUS_4_MEAN_SUM,0.0
BUREAU_BB_STATUS_4_MEAN_MIN,0.0
CC_CNT_DRAWINGS_OTHER_CURRENT_MAX,0.0
PREV_FLAG_LAST_APPL_PER_CONTRACT_NAN_MEAN,0.0
PREV_NAME_CASH_LOAN_PURPOSE_BUYING_A_GARAGE_MEAN,0.0
PREV_WEEKDAY_APPR_PROCESS_START_NAN_MEAN,0.0
REG_REGION_NOT_WORK_REGION,0.0
PREV_NAME_CONTRACT_TYPE_NAN_MEAN,0.0
PREV_NAME_CONTRACT_TYPE_XNA_MEAN,0.0
CC_AMT_INST_MIN_REGULARITY_MIN,0.0
BUREAU_BB_STATUS_NAN_MEAN_MIN,0.0
BUREAU_BB_STATUS_NAN_MEAN_SUM,0.0
PREV_NFLAG_INSURED_ON_APPROVAL_MIN,0.0
CC_NAME_CONTRACT_STATUS_APPROVED_MEAN,0.0
CC_CNT_DRAWINGS_POS_CURRENT_MIN,0.0
CC_NAME_CONTRACT_STATUS_NAN_MEAN,0.0
CC_NAME_CONTRACT_STATUS_SIGNED_MEAN,0.0
CC_AMT_DRAWINGS_OTHER_CURRENT_MIN,0.0
CC_NAME_CONTRACT_STATUS_SENT_PROPOSAL_MEAN,0.0
CC_NAME_CONTRACT_STATUS_REFUSED_MEAN,0.0
CC_NAME_CONTRACT_STATUS_DEMAND_MEAN,0.0
FLAG_EMAIL,0.0
FLAG_CONT_MOBILE,0.0
FLAG_MOBIL,0.0
CC_CNT_DRAWINGS_OTHER_CURRENT_SUM,0.0
CC_CNT_DRAWINGS_OTHER_CURRENT_MIN,0.0
